{
  "version": "global_muse_v1_revised",
  "created_date": "2025-12-17",
  "source": "ds004148_task-eyesopen",
  "n_windows": 53280,
  "f_bins_hz": [
    1.0,
    2.0,
    3.0,
    4.0,
    5.0,
    6.0,
    7.0,
    8.0,
    9.0,
    10.0,
    11.0,
    12.0,
    13.0,
    14.0,
    15.0,
    16.0,
    17.0,
    18.0,
    19.0,
    20.0,
    21.0,
    22.0,
    23.0,
    24.0,
    25.0,
    26.0,
    27.0,
    28.0,
    29.0,
    30.0,
    31.0,
    32.0,
    33.0,
    34.0,
    35.0,
    36.0,
    37.0,
    38.0,
    39.0,
    40.0,
    41.0,
    42.0,
    43.0,
    44.0,
    45.0
  ],
  "P_ref": [
    0.18023668525503417,
    0.13629036531547412,
    0.07805036290929508,
    0.05588405462797382,
    0.04458664392274269,
    0.039268250630989564,
    0.03568204809605816,
    0.032057963748443566,
    0.03137741376544706,
    0.03450472699974932,
    0.032790610666297286,
    0.025796588389008678,
    0.017793777661290845,
    0.013765459521704507,
    0.012172495143637163,
    0.011609889874129139,
    0.011532607983397248,
    0.011687450432000354,
    0.011928820904790164,
    0.012168887076795159,
    0.012111203576329686,
    0.011693034347763797,
    0.01097841286515101,
    0.010140579114248661,
    0.009324431715581243,
    0.008635491532902662,
    0.008166959219657674,
    0.007857274210152723,
    0.007517289400557805,
    0.007092195039891359,
    0.006685320458816731,
    0.006271680892399718,
    0.005937759294092951,
    0.005706499790178673,
    0.00548504696170664,
    0.00522188751399709,
    0.005047482874187426,
    0.004913835012506629,
    0.004825329872829888,
    0.004740268019630992,
    0.004660012750908706,
    0.004588179210779385,
    0.004546195685869194,
    0.0044399340691250915,
    0.004228593645354928
  ],
  "mu_JS_dist": 0.13744824564513816,
  "sigma_JS_dist": 0.05072002501841369,
  "p90_JS_dist": 0.237527102344146,
  "gamma_ref": 0.07631050053636582,
  "bg_ref": 0.2606112220148093,
  "notes": "Per-channel PSD shapes averaged; resampled to 256 Hz; fixed 1-45 Hz bins"
}